SHG Name,Upazila,Union,Respective FS
G001_Gucca gram Shapla SHG,Teknaf,Baharchara,Abdur Rab
G002_Hazompara Tiya SHG,Teknaf,Baharchara,Abdur Rab
G002_Miar para Shefali SHG,Teknaf,Baharchara,Abdur Rab
G003_Miar para Nayantara SHG,Teknaf,Baharchara,Abdur Rab
G004_Marisbunia Babui SHG,Teknaf,Baharchara,Abdur Rab
G004_Moddha Matpara Chumki SHG,Teknaf,Baharchara,Abdur Rab
G005_Doskhin Matpara Jhumko joba SHG,Teknaf,Baharchara,Abdur Rab
G006_Holbonia para Polash SHG,Teknaf,Baharchara,Abdur Rab
G008_Uttar Matpara Krishnachura SHG,Teknaf,Baharchara,Abdur Rab
G009_Uttar Matpara Gorjonbagan Oporajita SHG,Teknaf,Baharchara,Abdur Rab
G011_Poschim para Kathalichapa SHG,Teknaf,Baharchara,Abdur Rab
G034_Doskhin para Beli SHG,Teknaf,Baharchara,Abdur Rab
G043_Borodail para Tontoni SHG,Teknaf,Baharchara,Abdur Rab
G044_Kossopia para Bulbuli SHG,Teknaf,Baharchara,Abdur Rab
G045_Kossopia para Kokil SHG,Teknaf,Baharchara,Abdur Rab
G046_Kossopia para Moyna SHG,Teknaf,Baharchara,Abdur Rab
G079_Hamzarchara Hasnahena SHG,Teknaf,Hnila,Abedur Rahman Khandoker
G088_Pochim Rongikhali Titer SHG,Teknaf,Hnila,Abedur Rahman Khandoker
G089_Aliakborpara Shapla SHG,Teknaf,Hnila,Abedur Rahman Khandoker
G089_Pochim Rongikhali Tuntuni SHG,Teknaf,Hnila,Abedur Rahman Khandoker
G090_School para Dahuk SHG,Teknaf,Hnila,Abedur Rahman Khandoker
G091_School para Kakatuwa SHG,Teknaf,Hnila,Abedur Rahman Khandoker
G093_Purbo Rongikhali Moyna SHG,Teknaf,Hnila,Abedur Rahman Khandoker
G095_Naya para papiya SHG,Teknaf,Hnila,Abedur Rahman Khandoker
G096_Gazi para pankouri SHG,Teknaf,Hnila,Abedur Rahman Khandoker
G097_Pubo Rangikhali doyel SHG,Teknaf,Hnila,Abedur Rahman Khandoker
G100_Jummapara balihash SHG,Teknaf,Hnila,Abedur Rahman Khandoker
G101_Jumma para chil SHG,Teknaf,Hnila,Abedur Rahman Khandoker
G105_Pubo rangikhali kobutor SHG,Teknaf,Hnila,Abedur Rahman Khandoker
G114_Chwydori para gancil SHG,Teknaf,Hnila,Abedur Rahman Khandoker
G114_Gazipara Maloty SHG,Teknaf,Hnila,Abedur Rahman Khandoker
G115_Chwydori para masrangha SHG,Teknaf,Hnila,Abedur Rahman Khandoker
G117_Jummapara Jui SHG,Teknaf,Hnila,Abedur Rahman Khandoker
G291_Karuntoli ghona para kakrul SHG,Teknaf,Whykong,Bithika rani
G293_Monir Ghona shalgom SHG,Teknaf,Whykong,Bithika rani
G294_Katakhali Chakma para mula SHG,Teknaf,Whykong,Bithika rani
G295_Katakhali possim para Barboti SHG,Teknaf,Whykong,Bithika rani
G296_Chakmarkul porbo para potol SHG,Teknaf,Whykong,Bithika rani
G297_Karuntoli Uttar para misty Alo SHG,Teknaf,Whykong,Bithika rani
G298_Ghila toli para Golalo SHG,Teknaf,Whykong,Bithika rani
G299_Katiakhali Hatimara Lalsak SHG,Teknaf,Whykong,Bithika rani
G300_Ghilatoli Ghona para Fulcopy SHG,Teknaf,Whykong,Bithika rani
G302_Chakmarkul Poschimpara Amra SHG,Teknaf,Whykong,Bithika rani
G304_Lambabil dhakkin ghonar para SHG,Teknaf,Whykong,Bithika rani
G305_Lambabil bagguna para Palongshak SHG,Teknaf,Whykong,Bithika rani
G306_Kutubdia poschimpara fulcopi SHG,Teknaf,Whykong,Bithika rani
G308_Lambabil Tercibridge Kolmishak SHG,Teknaf,Whykong,Bithika rani
G330_Katakhali Poanachara Bilembo SHG,Teknaf,Whykong,Bithika rani
G332_Kathakhali Gunapara Tormuj SHG,Teknaf,Whykong,Bithika rani
G333_Kathakhali Purbopara Poddo-Chaka SHG,Teknaf,Whykong,Bithika rani
G334_Monirguna Dokkinpara Komla SHG,Teknaf,Whykong,Bithika rani
G337_Ulubunia Rastermatha Jamrul SHG,Teknaf,Whykong,Bithika rani
G339_Gilatoly Pani-fall SHG,Teknaf,Whykong,Bithika rani
G341_Katakhali Hatimara Bangi SHG,Teknaf,Whykong,Bithika rani
G342_Katakhaly Poschimpara Hortoki SHG,Teknaf,Whykong,Bithika rani
G344_Kirontoli Dauya SHG,Teknaf,Whykong,Bithika rani
G345_Kirontoly Ghunapara Golap-jam SHG,Teknaf,Whykong,Bithika rani
G133_Bazar Para Sagorika SHG,Teknaf,Subrang,Hasan Ahamad
G138_Mistripara Surma SHG,Teknaf,Subrang,Hasan Ahamad
G141_Hadur Chara Sankhonodi SHG,Teknaf,Subrang,Hasan Ahamad
G149_Dakkhin Para Jamuna SHG,Teknaf,Subrang,Hasan Ahamad
G150_Dakkhin Para Maghna SHG,Teknaf,Subrang,Hasan Ahamad
G167_Chandoli Para Harikhali SHG,Teknaf,Subrang,Hasan Ahamad
G206_Dakkhin Para Bakkhali SHG,Teknaf,Subrang,Hasan Ahamad
G207_Dakkhin Para Matamohori SHG,Teknaf,Subrang,Hasan Ahamad
G209_Dakkhin Para Surma SHG,Teknaf,Subrang,Hasan Ahamad
G220_Chandoli Para Fulbari SHG,Teknaf,Subrang,Hasan Ahamad
G221_Dakkhin Mondardeil Sugondha SHG,Teknaf,Subrang,Hasan Ahamad
G222_Kurabugga para Adhar Manik SHG,Teknaf,Subrang,Hasan Ahamad
G223_Kurabugga Para Elishmari SHG,Teknaf,Subrang,Hasan Ahamad
G225_Majher Mondardeil Chandana SHG,Teknaf,Subrang,Hasan Ahamad
G235_Acharbonia Kathal SHG,Teknaf,Subrang,Hasan Ahamad
G238_Acharbonia Aam SHG,Teknaf,Subrang,Hasan Ahamad
G249_Dokkhin Monderdeil Bel SHG,Teknaf,Subrang,Hasan Ahamad
G250_Moddom Monderdeil Boroi SHG,Teknaf,Subrang,Hasan Ahamad
G140_Alirdeil Modhumoti SHG,Teknaf,Subrang,Jushna Akter
G144_Kurermukh Jamuna SHG,Teknaf,Subrang,Jushna Akter
G145_Kurermukh Meghna SHG,Teknaf,Subrang,Jushna Akter
G146_Kurermukh Padma SHG,Teknaf,Subrang,Jushna Akter
G148_Ruhulerdepa Karnofully SHG,Teknaf,Subrang,Jushna Akter
G166_Bazar para Tetolia SHG,Teknaf,Subrang,Jushna Akter
G168_Mondol para Chandona SHG,Teknaf,Subrang,Jushna Akter
G169_Mondol para Nilkomol SHG,Teknaf,Subrang,Jushna Akter
G170_Panchari para Gonga SHG,Teknaf,Subrang,Jushna Akter
G171_Patha Ali Para Sumoti SHG,Teknaf,Subrang,Jushna Akter
G172_Patha Ali Para Titash SHG,Teknaf,Subrang,Jushna Akter
G219_Baingapara Paira SHG,Teknaf,Subrang,Jushna Akter
G224_Kurabugga Para Meghna SHG,Teknaf,Subrang,Jushna Akter
G227_Paschim Mondar Deil Sandhya SHG,Teknaf,Subrang,Jushna Akter
G240_Khairatipara Jam SHG,Teknaf,Subrang,Jushna Akter
G246_Alir Deil Payara SHG,Teknaf,Subrang,Jushna Akter
G247_Karachipara Amlokhi SHG,Teknaf,Subrang,Jushna Akter
G248_Poschim Monderdeil Kamranga SHG,Teknaf,Subrang,Jushna Akter
G156_Majher Para Parbotta SHG,Teknaf,Subrang,Md. Al-Amin
G175_Gula para Kadomtali SHG,Teknaf,Subrang,Md. Al-Amin
G177_Laferghona para Echamoti SHG,Teknaf,Subrang,Md. Al-Amin
G187_SPD Konar Para Bakkhali SHG,Teknaf,Subrang,Md. Al-Amin
G188_SPD Konar para Echamoti SHG,Teknaf,Subrang,Md. Al-Amin
G208_Dakkhin Para Padma SHG,Teknaf,Subrang,Md. Al-Amin
G211_Majher Para Gorai SHG,Teknaf,Subrang,Md. Al-Amin
G230_Lafarghona Angur SHG,Teknaf,Subrang,Md. Al-Amin
G231_Nayapara Jamrul SHG,Teknaf,Subrang,Md. Al-Amin
G232_Lafarghona kola SHG,Teknaf,Subrang,Md. Al-Amin
G233_Nayapara Jalpai SHG,Teknaf,Subrang,Md. Al-Amin
G234_Nayapara Bedana SHG,Teknaf,Subrang,Md. Al-Amin
G236_Gholarpara Tal SHG,Teknaf,Subrang,Md. Al-Amin
G237_Jhinapara Tormuz SHG,Teknaf,Subrang,Md. Al-Amin
G239_Hariakhali lichu SHG,Teknaf,Subrang,Md. Al-Amin
G241_HariaKhali Apple SHG,Teknaf,Subrang,Md. Al-Amin
G242_Hariakhali Dalim SHG,Teknaf,Subrang,Md. Al-Amin
G244_Katabunia Narkel SHG,Teknaf,Subrang,Md. Al-Amin
G292_Ulobonia Poishak SHG,Teknaf,Whykong,Md. Amin
G301_Tolatoli Bit copy SHG,Teknaf,Whykong,Md. Amin
G308_Dongakata Malta SHG,Teknaf,Whykong,Md. Amin
G310_Roikkong Boukochu SHG,Teknaf,Whykong,Md. Amin
G311_Lambaguna Chakmapara Chalta SHG,Teknaf,Whykong,Md. Amin
G311_Unciprang Shialipara data SHG,Teknaf,Whykong,Md. Amin
G312_Latarikhula Bel SHG,Teknaf,Whykong,Md. Amin
G313_Amtoli para Jhinga SHG,Teknaf,Whykong,Md. Amin
G314_Lambabil boromosgid soginadata SHG,Teknaf,Whykong,Md. Amin
G315_Laturkhula Labu SHG,Teknaf,Whykong,Md. Amin
G324_Unchi prang purbo para Koli Shak SHG,Teknaf,Whykong,Md. Amin
G325_Unchi prang possim para Olcopi SHG,Teknaf,Whykong,Md. Amin
G328_Juarikhula tomato SHG,Teknaf,Whykong,Md. Amin
G331_Kathakhali Chakmapara Pam SHG,Teknaf,Whykong,Md. Amin
G332_Laturikhula Begun SHG,Teknaf,Whykong,Md. Amin
G333_Lombaguna korola SHG,Teknaf,Whykong,Md. Amin
G334_Danggakhata Shim SHG,Teknaf,Whykong,Md. Amin
G335_Danggakhata pepe SHG,Teknaf,Whykong,Md. Amin
G336_Horikhula Dharos SHG,Teknaf,Whykong,Md. Amin
G336_Ulubunia Dab SHG,Teknaf,Whykong,Md. Amin
G337_Lambaghuna Fulkofi SHG,Teknaf,Whykong,Md. Amin
G338_Amtoli para vutta SHG,Teknaf,Whykong,Md. Amin
G368_Kutubdiapara Supari SHG,Teknaf,Whykong,Md. Amin
G303_Kutubdia poschim para chalkumra SHG,Teknaf,Whykong,Md. Giash Uddin
G307_Kutubdia purbopara badhacopi SHG,Teknaf,Whykong,Md. Giash Uddin
G309_Lambabil majerpara shasa SHG,Teknaf,Whykong,Md. Giash Uddin
G312_Amtoli para Chichinga SHG,Teknaf,Whykong,Md. Giash Uddin
G315_Pubo satghoria para chichinga SHG,Teknaf,Whykong,Md. Giash Uddin
G316_Purbo satghoria para Gagor SHG,Teknaf,Whykong,Md. Giash Uddin
G317_Possim satghoria para Tometu SHG,Teknaf,Whykong,Md. Giash Uddin
G318_Kanjor Para Gunapara Akah SHG,Teknaf,Whykong,Md. Giash Uddin
G318_Purbo satghoria para Fulkopi SHG,Teknaf,Whykong,Md. Giash Uddin
G319_Possim satghoria para Patshuk SHG,Teknaf,Whykong,Md. Giash Uddin
G320_Purbo satghoria Laushak SHG,Teknaf,Whykong,Md. Giash Uddin
G321_Possim satghoria para Misti kumra SHG,Teknaf,Whykong,Md. Giash Uddin
G322_Purbo satghoria para Papya SHG,Teknaf,Whykong,Md. Giash Uddin
G323_Possim satghoria para Dheki shak SHG,Teknaf,Whykong,Md. Giash Uddin
G326_Possim satghoria kachar para Badhakofi SHG,Teknaf,Whykong,Md. Giash Uddin
G327_BGB Check post Gajor SHG,Teknaf,Whykong,Md. Giash Uddin
G329_Adari Chara Misti kumra SHG,Teknaf,Whykong,Md. Giash Uddin
G330_Balukali possum para phat shak SHG,Teknaf,Whykong,Md. Giash Uddin
G331_Balukali purbo para law shak SHG,Teknaf,Whykong,Md. Giash Uddin
G354_Adharichara Lotcon SHG,Teknaf,Whykong,Md. Giash Uddin
G355_Amtoli Aam SHG,Teknaf,Whykong,Md. Giash Uddin
G360_Majharpara Straw-berry SHG,Teknaf,Whykong,Md. Giash Uddin
G369_Lambabil Baggonapara Amra SHG,Teknaf,Whykong,Md. Giash Uddin
G373_Lambabill Baggonapara Kathal SHG,Teknaf,Whykong,Md. Giash Uddin
G236_Kochobonia Badhacopy SHG,Teknaf,Teknaf Sadar,Md. Mohidul Islam
G242_Goderbil DakhinPara Tometo SHG,Teknaf,Teknaf Sadar,Md. Mohidul Islam
G243_Goderbil Sajina SHG,Teknaf,Teknaf Sadar,Md. Mohidul Islam
G259_Koruntoli Uttar Para Naf SHG,Teknaf,Teknaf Sadar,Md. Mohidul Islam
G260_Keruntoli Dakkin Para Jamuna SHG,Teknaf,Teknaf Sadar,Md. Mohidul Islam
G261_Natun Pollan Para Maghna SHG,Teknaf,Teknaf Sadar,Md. Mohidul Islam
G263_Baroytali Kornafuli SHG,Teknaf,Teknaf Sadar,Md. Mohidul Islam
G264_Purbo goderbil tista SHG,Teknaf,Teknaf Sadar,Md. Mohidul Islam
G265_Purbo goderbill Halda SHG,Teknaf,Teknaf Sadar,Md. Mohidul Islam
G266_Nutun polln para JUMONA SHG,Teknaf,Teknaf Sadar,Md. Mohidul Islam
G267_Nutun pollan para kurnofuli SHG,Teknaf,Teknaf Sadar,Md. Mohidul Islam
G270_Dailpara Korthoa SHG,Teknaf,Teknaf Sadar,Md. Mohidul Islam
G271_Dukkin dailpara Modumoti SHG,Teknaf,Teknaf Sadar,Md. Mohidul Islam
G272_Dukkin dailpara kurnofuli SHG,Teknaf,Teknaf Sadar,Md. Mohidul Islam
G273_Dukkin Dailpara tista SHG,Teknaf,Teknaf Sadar,Md. Mohidul Islam
G275_Utter kochobonia shurma SHG,Teknaf,Teknaf Sadar,Md. Mohidul Islam
G276_Modo Goderbill Matamohori SHG,Teknaf,Teknaf Sadar,Md. Mohidul Islam
G278_Moddho Moheskhalipara Modumoti SHG,Teknaf,Teknaf Sadar,Md. Mohidul Islam
G279_Uttor Moheskhalipara Padma SHG,Teknaf,Teknaf Sadar,Md. Mohidul Islam
G281_Moddho Moheskhalipara Sokkho SHG,Teknaf,Teknaf Sadar,Md. Mohidul Islam
G283_Kunkarpara Moynamoti SHG,Teknaf,Teknaf Sadar,Md. Mohidul Islam
G284_Kunkarpara kornofully SHG,Teknaf,Teknaf Sadar,Md. Mohidul Islam
G285_Choto Habibpara Jamuna SHG,Teknaf,Teknaf Sadar,Md. Mohidul Islam
G286_Choto Habibpara Naf SHG,Teknaf,Teknaf Sadar,Md. Mohidul Islam
G290_Hazompara Naf SHG,Teknaf,Teknaf Sadar,Md. Mohidul Islam
G007_Matpara Kashful SHG,Teknaf,Baharchara,Md. Nayun
G018_Poschim bazarpara Shimul SHG,Teknaf,Baharchara,Md. Nayun
G019_Dailpara Jui SHG,Teknaf,Baharchara,Md. Nayun
G022_Dailpara Dalia SHG,Teknaf,Baharchara,Md. Nayun
G024_Konarpara Kamini SHG,Teknaf,Baharchara,Md. Nayun
G026_Poschim para jiniya SHG,Teknaf,Baharchara,Md. Nayun
G027_Poschim para Hasnahena SHG,Teknaf,Baharchara,Md. Nayun
G028_Doskhin para Shiuli SHG,Teknaf,Baharchara,Md. Nayun
G028_Uttar Shilkhali Dokhin Poschim para Choroi SHG,Teknaf,Baharchara,Md. Nayun
G029_Chakma para Madhobi SHG,Teknaf,Baharchara,Md. Nayun
G030_Shilchori para juthi SHG,Teknaf,Baharchara,Md. Nayun
G031_Chokidar para Parul SHG,Teknaf,Baharchara,Md. Nayun
G032_Dail para Chompa SHG,Teknaf,Baharchara,Md. Nayun
G035_Chakma para Lily SHG,Teknaf,Baharchara,Md. Nayun
G036_Bainna para Togor SHG,Teknaf,Baharchara,Md. Nayun
G037_Bainna para Bakul SHG,Teknaf,Baharchara,Md. Nayun
G084_Olosamori Poschimpara Gondhoraj SHG,Teknaf,Hnila,Md. Sakil Hossain
G087_Aliakborpara Chamali SHG,Teknaf,Hnila,Md. Sakil Hossain
G090_AliakborparaShorno-Chamali SHG,Teknaf,Hnila,Md. Sakil Hossain
G091_Morischaguna Noyon-tara SHG,Teknaf,Hnila,Md. Sakil Hossain
G092_MorischagunaSuktara SHG,Teknaf,Hnila,Md. Sakil Hossain
G092_Purbo Rongikhali Eagal SHG,Teknaf,Hnila,Md. Sakil Hossain
G098_Gazi para payra SHG,Teknaf,Hnila,Md. Sakil Hossain
G099_Purbo Rangikhali shayma SHG,Teknaf,Hnila,Md. Sakil Hossain
G102_School para fingey SHG,Teknaf,Hnila,Md. Sakil Hossain
G104_Purbo rangikhali koyel SHG,Teknaf,Hnila,Md. Sakil Hossain
G106_Ghonapara Joba SHG,Teknaf,Hnila,Md. Sakil Hossain
G108_Kaharpara Golap SHG,Teknaf,Hnila,Md. Sakil Hossain
G111_Pankhali Rongon SHG,Teknaf,Hnila,Md. Sakil Hossain
G112_Poschim-Pankhali Madhobilata SHG,Teknaf,Hnila,Md. Sakil Hossain
G113_Poschim-Shikdarpara Krishnochura SHG,Teknaf,Hnila,Md. Sakil Hossain
G115_Jommapara Chapa SHG,Teknaf,Hnila,Md. Sakil Hossain
G116_Jommapara Rojonigandha SHG,Teknaf,Hnila,Md. Sakil Hossain
G235_Kochobonia Alo SHG,Teknaf,Teknaf Sadar,Rabeya Khatun
G238_Kocubonia Mistikumra SHG,Teknaf,Teknaf Sadar,Rabeya Khatun
G251_Rajarchara Karachi Para Padma SHG,Teknaf,Teknaf Sadar,Rabeya Khatun
G252_Rajarchara Poschim Para Maghna SHG,Teknaf,Teknaf Sadar,Rabeya Khatun
G253_Habirchara Purba Para Surma SHG,Teknaf,Teknaf Sadar,Rabeya Khatun
G254_Habirchara Paschim Para Halda SHG,Teknaf,Teknaf Sadar,Rabeya Khatun
G256_Uttar Langurbil Matamohori SHG,Teknaf,Teknaf Sadar,Rabeya Khatun
G257_Lengurbill Dheros SHG,Teknaf,Teknaf Sadar,Rabeya Khatun
G257_Uttar Lombori Isamoti SHG,Teknaf,Teknaf Sadar,Rabeya Khatun
G258_Lengurbill Sosa SHG,Teknaf,Teknaf Sadar,Rabeya Khatun
G258_Natun Pollan Para Surma SHG,Teknaf,Teknaf Sadar,Rabeya Khatun
G266_Habirchara Sosa SHG,Teknaf,Teknaf Sadar,Rabeya Khatun
G267_Habirchara Tameto SHG,Teknaf,Teknaf Sadar,Rabeya Khatun
G268_Dukkin goderbill Magna SHG,Teknaf,Teknaf Sadar,Rabeya Khatun
G268_Mitha Panirchara Begun SHG,Teknaf,Teknaf Sadar,Rabeya Khatun
G269_Dukkin Goderbill Padma SHG,Teknaf,Teknaf Sadar,Rabeya Khatun
G274_Poshim kochobonia jomuna SHG,Teknaf,Teknaf Sadar,Rabeya Khatun
G277_Uttor Moheskhalipara Titas SHG,Teknaf,Teknaf Sadar,Rabeya Khatun
G280_Dokkhin Moheskhalipara Rupsa SHG,Teknaf,Teknaf Sadar,Rabeya Khatun
G281_Adorsogram Lalmorish SHG,Teknaf,Teknaf Sadar,Rabeya Khatun
G282_Dakkhin Lengurbill Fulkopi SHG,Teknaf,Teknaf Sadar,Rabeya Khatun
G287_Thanardeilpara Kopotakkho SHG,Teknaf,Teknaf Sadar,Rabeya Khatun
G288_Thanardeilpara Meghna SHG,Teknaf,Teknaf Sadar,Rabeya Khatun
G289_Moulobipara Shibsa SHG,Teknaf,Teknaf Sadar,Rabeya Khatun
G012_Karachipara Eagle SHG,Teknaf,Baharchara,Shoriful Islam
G013_Horibunia Golap SHG,Teknaf,Baharchara,Shoriful Islam
G014_Nayapara Kokil SHG,Teknaf,Baharchara,Shoriful Islam
G014_Purbo Bazarpara Kodom SHG,Teknaf,Baharchara,Shoriful Islam
G015_Majerpara Chandra mollika SHG,Teknaf,Baharchara,Shoriful Islam
G016_Bailarchara Surjamukhi SHG,Teknaf,Baharchara,Shoriful Islam
G017_Poschim bazarpara Sondhamaloti SHG,Teknaf,Baharchara,Shoriful Islam
G017_Uttar Para Choroi SHG,Teknaf,Baharchara,Shoriful Islam
G018_Uttar Para Penguine SHG,Teknaf,Baharchara,Shoriful Islam
G021_Purba bazarpara Joba SHG,Teknaf,Baharchara,Shoriful Islam
G024_Poschim para Moyna SHG,Teknaf,Baharchara,Shoriful Islam
G025_Purbapara Moriom SHG,Teknaf,Baharchara,Shoriful Islam
G031_Uttar Shilkhali Poschim Bazar para Shalik SHG,Teknaf,Baharchara,Shoriful Islam
G042_Uttar Shilkhali Dokhin Purbo para Masranga SHG,Teknaf,Baharchara,Shoriful Islam
G061_Jhum para Kokil SHG,Teknaf,Baharchara,Shoriful Islam
G062_Jhum para Shalik SHG,Teknaf,Baharchara,Shoriful Islam
G064_Mura para Babui SHG,Teknaf,Baharchara,Shoriful Islam
G066_Puran Para Doyal SHG,Teknaf,Baharchara,Shoriful Islam
G084_Jadimura Moyna SHG,Teknaf,Hnila,Shuvo Sarker
G085_Jadimura Tiya SHG,Teknaf,Hnila,Shuvo Sarker
G086_Dakkhin Domdomia Choroi SHG,Teknaf,Hnila,Shuvo Sarker
G087_Moddho Domdomia kobutor SHG,Teknaf,Hnila,Shuvo Sarker
G094_Uttar Domdomia Tota SHG,Teknaf,Hnila,Shuvo Sarker
G095_Dokkin Alikhali Bokul SHG,Teknaf,Hnila,Shuvo Sarker
G096_Dokkin Alikhali Padma SHG,Teknaf,Hnila,Shuvo Sarker
G098_Moulobipara Beli SHG,Teknaf,Hnila,Shuvo Sarker
G103_Purboleda Joba SHG,Teknaf,Hnila,Shuvo Sarker
G103_Uttar alikhali bok SHG,Teknaf,Hnila,Shuvo Sarker
G104_Uttor Leda Krishnochura SHG,Teknaf,Hnila,Shuvo Sarker
G106_Jommapara doiyel SHG,Teknaf,Hnila,Shuvo Sarker
G107_Jommapara Bok SHG,Teknaf,Hnila,Shuvo Sarker
G108_Jommapara Koel SHG,Teknaf,Hnila,Shuvo Sarker
G109_School para bolboli SHG,Teknaf,Hnila,Shuvo Sarker
G112_Noiya para eigol SHG,Teknaf,Hnila,Shuvo Sarker
G116_Mochuni masrangha SHG,Teknaf,Hnila,Shuvo Sarker
G207_Haru Fakir Para Chill SHG,Ukhiya,Ratna Palong,Abdul Hakim
G209_Uttor Sardar para Moyna SHG,Ukhiya,Ratna Palong,Abdul Hakim
G212_Teli Para Kobotor SHG,Ukhiya,Ratna Palong,Abdul Hakim
G213_Tulatoli Porbokul Eagal SHG,Ukhiya,Ratna Palong,Abdul Hakim
G216_Matbor Para Babui SHG,Ukhiya,Ratna Palong,Abdul Hakim
G221_Nutun para moyur SHG,Ukhiya,Ratna Palong,Abdul Hakim
R0249_Jafar Pallan Para Shpnochura SHG,Ukhiya,Ratna Palong,Abdul Hakim
R0253_Goial mara Pahariful SHG,Ukhiya,Ratna Palong,Abdul Hakim
R0259_Purbokul Dhansiri SHG,Ukhiya,Ratna Palong,Abdul Hakim
R0261_Matbor para Surma-1 SHG,Ukhiya,Ratna Palong,Abdul Hakim
R0264_Purbokul Shangu-3 SHG,Ukhiya,Ratna Palong,Abdul Hakim
R0266_Absar Baper Para Sangu-2 SHG,Ukhiya,Ratna Palong,Abdul Hakim
R0268_Foyzar Baper Para Matamuri SHG,Ukhiya,Ratna Palong,Abdul Hakim
R0269_Tulatuli Karnafuly-3 SHG,Ukhiya,Ratna Palong,Abdul Hakim
R0272_Tulatali Buriganga SHG,Ukhiya,Ratna Palong,Abdul Hakim
R0274_Bhalukia Jamuna SHG,Ukhiya,Ratna Palong,Abdul Hakim
R0275_Tulatali MATAMUHARI SHG,Ukhiya,Ratna Palong,Abdul Hakim
R0276_Foija bafar para Padma SHG,Ukhiya,Ratna Palong,Abdul Hakim
R0004_Telkhola Surma SHG,Ukhiya,Palongkhali,Abhishek Barua
R0006_Telkhola Jaba SHG,Ukhiya,Palongkhali,Abhishek Barua
R0008_Talkola para Pollibondhu,Ukhiya,Palongkhali,Abhishek Barua
R0019_Telkhola Ashirbad SHG,Ukhiya,Palongkhali,Abhishek Barua
R0020_Telkhola Hiramukta SHG,Ukhiya,Palongkhali,Abhishek Barua
R0022_Chakma para Monimala,Ukhiya,Palongkhali,Abhishek Barua
R0029_Telkhola Ghashful SHG,Ukhiya,Palongkhali,Abhishek Barua
R0035_Telkhola Dola SHG,Ukhiya,Palongkhali,Abhishek Barua
R0036_Mahiga bill Abodhan,Ukhiya,Palongkhali,Abhishek Barua
R0037_Telkhola Shraboni SHG,Ukhiya,Palongkhali,Abhishek Barua
R0038_Porbo para Bilashi,Ukhiya,Palongkhali,Abhishek Barua
R0074_Mucharkhola Dhaleshwari SHG,Ukhiya,Palongkhali,Abhishek Barua
R0087_Puratun musar khola Diganta,Ukhiya,Palongkhali,Abhishek Barua
R0118_Mucharkhola Surjomukhi SHG,Ukhiya,Palongkhali,Abhishek Barua
R2001_Mocherkhola Chadni SHG,Ukhiya,Palongkhali,Abhishek Barua
R2002_Mocherkhola Krishnachura SHG,Ukhiya,Palongkhali,Abhishek Barua
R2003_Mocherkhola Suvojatra SHG,Ukhiya,Palongkhali,Abhishek Barua
R2005_Mosarkola Sornokomol,Ukhiya,Palongkhali,Abhishek Barua
R0343_Samotir Ghona Nil Pori SHG,Ukhiya,Jalia Palong,Bijoya Barua
R0345_Barua para Sabuj-1 SHG,Ukhiya,Jalia Palong,Bijoya Barua
R0349_Puratan Char Para Lal SHG,Ukhiya,Jalia Palong,Bijoya Barua
R0351_Lombari Para Modhumati SHG,Ukhiya,Jalia Palong,Bijoya Barua
R0353_Mita Bon Basnti SHG,Ukhiya,Jalia Palong,Bijoya Barua
R0361_Sonaichari Rajani SHG,Ukhiya,Jalia Palong,Bijoya Barua
R0367_Jumma Para Kalachanda Sabuj SHG,Ukhiya,Jalia Palong,Bijoya Barua
R0368_Uttar Para Nil Akash SHG,Ukhiya,Jalia Palong,Bijoya Barua
R0376_Uttar Para Mayer doa SHG,Ukhiya,Jalia Palong,Bijoya Barua
R0378_Dokkhin para Paharika SHG,Ukhiya,Jalia Palong,Bijoya Barua
R0379_Dighir Bil Hemonto SHG,Ukhiya,Jalia Palong,Bijoya Barua
R0382_Sonar Para Chader Alo SHG,Ukhiya,Jalia Palong,Bijoya Barua
R0387_Lombari Para Boishakhi SHG,Ukhiya,Jalia Palong,Bijoya Barua
R0389_Dokkin Sonaichori Lalpari,Ukhiya,Jalia Palong,Bijoya Barua
R0391_Miazi Para Nil SHG,Ukhiya,Jalia Palong,Bijoya Barua
R0394_Lombari Para Kironmala SHG,Ukhiya,Jalia Palong,Bijoya Barua
R0397_Hazir Para Holud SHG,Ukhiya,Jalia Palong,Bijoya Barua
R0399_Dakkhin Pananshia Kalo SHG,Ukhiya,Jalia Palong,Bijoya Barua
G175_Foliya para Dalim SHG,Ukhiya,Raja Palong,Farhana Imam
G176_Narssari para Ammloki SHG,Ukhiya,Raja Palong,Farhana Imam
G179_Hajir para Kola SHG,Ukhiya,Raja Palong,Farhana Imam
G180_Mowlovi para Amm SHG,Ukhiya,Raja Palong,Farhana Imam
G182_Maliyarkul Jam SHG,Ukhiya,Raja Palong,Farhana Imam
G183_Patabari Anaros SHG,Ukhiya,Raja Palong,Farhana Imam
G189_Sailordeba Amloki SHG,Ukhiya,Raja Palong,Farhana Imam
R0129_Patabari Jam SHG,Ukhiya,Raja Palong,Farhana Imam
R0136_Pholiapara Kodom,Ukhiya,Raja Palong,Farhana Imam
R0138_Soilardaba Sagorika,Ukhiya,Raja Palong,Farhana Imam
R0145_Pholiapara Beli,Ukhiya,Raja Palong,Farhana Imam
R0146_Fhaliya para Krisnochura SHG,Ukhiya,Raja Palong,Farhana Imam
R0148_Md ali vita Shimul,Ukhiya,Raja Palong,Farhana Imam
R0150_Chiler Chara Joba,Ukhiya,Raja Palong,Farhana Imam
R0151_Shiler Chora Polash,Ukhiya,Raja Palong,Farhana Imam
R0152_Shiler Chora Hasnahena,Ukhiya,Raja Palong,Farhana Imam
R0166_Patabari Himel,Ukhiya,Raja Palong,Farhana Imam
R0174_Piazza Para Rongdhunu,Ukhiya,Raja Palong,Farhana Imam
R0185_Polia para Sonali,Ukhiya,Raja Palong,Farhana Imam
R0202_Battoli Dalia SHG,Ukhiya,Raja Palong,Farhana Imam
R0235_Bhuya para Bely SHG,Ukhiya,Raja Palong,Farhana Imam
R0247_Jamtoli Bakul 1 SHG,Ukhiya,Raja Palong,Farhana Imam
G145_Patwartek Moina SHG,Ukhiya,Jalia Palong,Firoz Hoshen
G147_Ruppati Baboi SHG,Ukhiya,Jalia Palong,Firoz Hoshen
G148_Imamer Dail Tuntuni SHG,Ukhiya,Jalia Palong,Firoz Hoshen
G149_Inani Sotokhal Ghughu SHG,Ukhiya,Jalia Palong,Firoz Hoshen
G150_Inani porbo para Kabotor SHG,Ukhiya,Jalia Palong,Firoz Hoshen
G151_Inani Gonarmor Koiyel SHG,Ukhiya,Jalia Palong,Firoz Hoshen
G152_Inani Possim Para Bok SHG,Ukhiya,Jalia Palong,Firoz Hoshen
G153_Inani Uttor Para Moiyor SHG,Ukhiya,Jalia Palong,Firoz Hoshen
R0359_Ottar para Akashi Kanna SHG,Ukhiya,Jalia Palong,Firoz Hoshen
R0398_Bot toli Nil Sagor SHG,Ukhiya,Jalia Palong,Firoz Hoshen
R0404_Boro Bottoli para Padma SHG,Ukhiya,Jalia Palong,Firoz Hoshen
R0422_Goramia Para Shapla-1 SHG,Ukhiya,Jalia Palong,Firoz Hoshen
R1572_Adarsha gram Sagor Per SHG,Ukhiya,Jalia Palong,Firoz Hoshen
R2910_Dockin para Sotota SHG,Ukhiya,Jalia Palong,Firoz Hoshen
R4821_Dail Para Jhinuk SHG,Ukhiya,Jalia Palong,Firoz Hoshen
R5821_Chakma para Nil Akash SHG,Ukhiya,Jalia Palong,Firoz Hoshen
R6394_Adarsha gram Nupur SHG,Ukhiya,Jalia Palong,Firoz Hoshen
G355_Poschim Ghoner Para Podma SHG,Ukhiya,Holdiya Palong,GM Alauddin
G363_Ali Akborpara Beli SHG,Ukhiya,Holdiya Palong,GM Alauddin
G365_Sayakhola Shurjomukhi SHG,Ukhiya,Holdiya Palong,GM Alauddin
G373_Moddho Holdia Ghoner para Kodom SHG,Ukhiya,Holdiya Palong,GM Alauddin
R0289_Sikder Bari Kokil SHG,Ukhiya,Holdiya Palong,GM Alauddin
R0298_Notun para Moyna-1 SHG,Ukhiya,Holdiya Palong,GM Alauddin
R0320_Chaiya kola Choroi SHG,Ukhiya,Holdiya Palong,GM Alauddin
R0321_hara mora Kokil-2 SHG,Ukhiya,Holdiya Palong,GM Alauddin
R0322_Chayakhola Doyel SHG,Ukhiya,Holdiya Palong,GM Alauddin
R0328_Bittatoli Babui SHG,Ukhiya,Holdiya Palong,GM Alauddin
R0333_Chayakhola Moyna SHG,Ukhiya,Holdiya Palong,GM Alauddin
R0337_Bartatoli Shalik-2 SHG,Ukhiya,Holdiya Palong,GM Alauddin
R0338_Chaiya kola Moyur SHG,Ukhiya,Holdiya Palong,GM Alauddin
R0340_Bartatoli Doual SHG,Ukhiya,Holdiya Palong,GM Alauddin
R0341_Chayakhola Choroi SHG,Ukhiya,Holdiya Palong,GM Alauddin
R7125_Goner Para Paira SHG,Ukhiya,Holdiya Palong,GM Alauddin
R7923_Noia Para Holudia SHG,Ukhiya,Holdiya Palong,GM Alauddin
G117_Tin Para Moyna SHG,Ukhiya,Jalia Palong,Anup Kumar Mondol
G121_Uttar Dail Para Corui SHG,Ukhiya,Jalia Palong,Anup Kumar Mondol
G122_Poschim Dail Para Tiya SHG,Ukhiya,Jalia Palong,Anup Kumar Mondol
G123_Purba Dail Para Kokil SHG,Ukhiya,Jalia Palong,Anup Kumar Mondol
R0346_Sonar Para Tajmohol SHG,Ukhiya,Jalia Palong,Anup Kumar Mondol
R0350_Pccium sonar Sotata SHG,Ukhiya,Jalia Palong,Anup Kumar Mondol
R0355_Sonar Para Boishakhi SHG,Ukhiya,Jalia Palong,Anup Kumar Mondol
R0356_Dakkin sonar para Surjo SHG,Ukhiya,Jalia Palong,Anup Kumar Mondol
R0357_Sonar Para Soikot SHG,Ukhiya,Jalia Palong,Anup Kumar Mondol
R0362_Sonar Para Akota SHG,Ukhiya,Jalia Palong,Anup Kumar Mondol
R0372_Uttar Para Sagorika SHG,Ukhiya,Jalia Palong,Anup Kumar Mondol
R0383_Ghawbagan Tara SHG,Ukhiya,Jalia Palong,Anup Kumar Mondol
R0384_Gahtgarpara Akash SHG,Ukhiya,Jalia Palong,Anup Kumar Mondol
R0385_Ghawbagan Chad SHG,Ukhiya,Jalia Palong,Anup Kumar Mondol
R0386_Pocchim para Momota SHG,Ukhiya,Jalia Palong,Anup Kumar Mondol
R0406_Dail Para Holud SHG,Ukhiya,Jalia Palong,Anup Kumar Mondol
R0407_Teen Para Sabuj SHG,Ukhiya,Jalia Palong,Anup Kumar Mondol
R0408_Dail para Nil SHG,Ukhiya,Jalia Palong,Anup Kumar Mondol
R0410_Teen Para Lal SHG,Ukhiya,Jalia Palong,Anup Kumar Mondol
R0421_Purbo Dail Para Shada SHG,Ukhiya,Jalia Palong,Anup Kumar Mondol
R0428_Dail Para Golapi SHG,Ukhiya,Jalia Palong,Anup Kumar Mondol
R5555_Dail para Dakhin Dail para Beguni SHG,Ukhiya,Jalia Palong,Anup Kumar Mondol
G208_Possim ratna Paira SHG,Ukhiya,Ratna Palong,Iqbal Bahar
G211_Temsori Sada Bok SHG,Ukhiya,Ratna Palong,Iqbal Bahar
G215_Amtoli Tiya SHG,Ukhiya,Ratna Palong,Iqbal Bahar
G217_Goyal mara Bajpaki SHG,Ukhiya,Ratna Palong,Iqbal Bahar
G218_Kondokar para Choroi SHG,Ukhiya,Ratna Palong,Iqbal Bahar
G219_Korobonia Kakatoya SHG,Ukhiya,Ratna Palong,Iqbal Bahar
G220_Korobonia Ghughu SHG,Ukhiya,Ratna Palong,Iqbal Bahar
G222_Chakbaitha Rajhas SHG,Ukhiya,Ratna Palong,Iqbal Bahar
G223_Nutun para bulbuli SHG,Ukhiya,Ratna Palong,Iqbal Bahar
G224_Nutun para Tontoni SHG,Ukhiya,Ratna Palong,Iqbal Bahar
G225_Teli para Doyel SHG,Ukhiya,Ratna Palong,Iqbal Bahar
G226_Teli para Koyel SHG,Ukhiya,Ratna Palong,Iqbal Bahar
G227_Tekpata Salik SHG,Ukhiya,Ratna Palong,Iqbal Bahar
R0258_Ruhullar Deba Karnafuly-1 SHG,Ukhiya,Ratna Palong,Iqbal Bahar
R0265_Aamtali Titash SHG,Ukhiya,Ratna Palong,Iqbal Bahar
R0267_Purbokul Meghna SHG,Ukhiya,Ratna Palong,Iqbal Bahar
R0270_Chakboita Megna SHG,Ukhiya,Ratna Palong,Iqbal Bahar
R0271_Cakbyta Surma-2 SHG,Ukhiya,Ratna Palong,Iqbal Bahar
R0273_ Amtoli Naf-2 SHg,Ukhiya,Ratna Palong,Iqbal Bahar
G042_Rumka Borobill Keya SHG,Ukhiya,Holdiya Palong,Jannatul Mawa Miskat
G044_Rumka Borobill Noyontara SHG,Ukhiya,Holdiya Palong,Jannatul Mawa Miskat
G050_Anuneya Moulobi para Rongon SHG,Ukhiya,Holdiya Palong,Jannatul Mawa Miskat
G062_Jonab Ali Para Maloti SHG,Ukhiya,Holdiya Palong,Jannatul Mawa Miskat
G068_Pollan Para Joba SHG,Ukhiya,Holdiya Palong,Jannatul Mawa Miskat
G069_Dahkua Para Shurjomokhi SHG,Ukhiya,Holdiya Palong,Jannatul Mawa Miskat
R0293_Dakua Para Tia-2 SHG,Ukhiya,Holdiya Palong,Jannatul Mawa Miskat
R0301_Nasirpara Bulbuli SHG,Ukhiya,Holdiya Palong,Jannatul Mawa Miskat
R0310_Nasir Para Kobutor SHG,Ukhiya,Holdiya Palong,Jannatul Mawa Miskat
R0311_Gait para Shalik-2 SHG,Ukhiya,Holdiya Palong,Jannatul Mawa Miskat
R0313_Hatir ghuna Kokil-1 SHG,Ukhiya,Holdiya Palong,Jannatul Mawa Miskat
R0323_Dakua Para Kabutar SHG,Ukhiya,Holdiya Palong,Jannatul Mawa Miskat
R0324_Dakua Para Eagle-1 SHG,Ukhiya,Holdiya Palong,Jannatul Mawa Miskat
R0332_Burobil Charyi SHG,Ukhiya,Holdiya Palong,Jannatul Mawa Miskat
R0335_Hatirghona Doel SHG,Ukhiya,Holdiya Palong,Jannatul Mawa Miskat
R0336_Classo Para Tia-1 SHG,Ukhiya,Holdiya Palong,Jannatul Mawa Miskat
R0339_Borbil Bulbuli-1 SHG,Ukhiya,Holdiya Palong,Jannatul Mawa Miskat
R9043_Celass para Shalik-3 SHG,Ukhiya,Holdiya Palong,Jannatul Mawa Miskat
G045_Dokkin class para Dolonchapa SHG,Ukhiya,Holdiya Palong,Lal Miya
G046_Dokkin class para Popy SHG,Ukhiya,Holdiya Palong,Lal Miya
G047_Dokkin class para Mohuya SHG,Ukhiya,Holdiya Palong,Lal Miya
G067_Molovi Para Sheuli SHG,Ukhiya,Holdiya Palong,Lal Miya
G075_Kulal Para Gondoraj SHG,Ukhiya,Holdiya Palong,Lal Miya
G077_Teli Para Shurjo Mukhi SHG,Ukhiya,Holdiya Palong,Lal Miya
G079_Matabbor Para Noyon Tara SHG,Ukhiya,Holdiya Palong,Lal Miya
G080_Bazar Para Joba SHG,Ukhiya,Holdiya Palong,Lal Miya
R0001_Molobi para Doel-1 SHG,Ukhiya,Holdiya Palong,Lal Miya
R0003_Molubi Para Moyna-3 SHG,Ukhiya,Holdiya Palong,Lal Miya
R0280_Molubi Para Shalik-1 SHG,Ukhiya,Holdiya Palong,Lal Miya
R0285_Kulal para Eagle-1 SHG,Ukhiya,Holdiya Palong,Lal Miya
R0286_Kolalpara Shalik-2 SHG,Ukhiya,Holdiya Palong,Lal Miya
R0290_Bazar para Doel-2 SHG,Ukhiya,Holdiya Palong,Lal Miya
R0296_Matborpara Kokil-1 SHG,Ukhiya,Holdiya Palong,Lal Miya
R0300_Kulal para Moyna-2 SHG,Ukhiya,Holdiya Palong,Lal Miya
R0326_kulal para Massranga SHG,Ukhiya,Holdiya Palong,Lal Miya
R1357_Matbor Para Babui SHG,Ukhiya,Holdiya Palong,Lal Miya
G185_Gilatoli Jolpai SHG,Ukhiya,Raja Palong,Liton Dutta
G193_Kotopalong Possimpara Lombasia Dalim SHG,Ukhiya,Raja Palong,Liton Dutta
G194_Kotopalong Domor SHG,Ukhiya,Raja Palong,Liton Dutta
R0130_Doillaguna Nil Achol,Ukhiya,Raja Palong,Liton Dutta
R0132_Doillaguna Tia,Ukhiya,Raja Palong,Liton Dutta
R0133_Doillaguna Chadni,Ukhiya,Raja Palong,Liton Dutta
R0137_Pochim Para Beguni,Ukhiya,Raja Palong,Liton Dutta
R0139_Colleg Para Nil Akash,Ukhiya,Raja Palong,Liton Dutta
R0140_Doillaguna Babui,Ukhiya,Raja Palong,Liton Dutta
R0144_Kotupalong Asmani,Ukhiya,Raja Palong,Liton Dutta
R0147_Kotupalong Falguni,Ukhiya,Raja Palong,Liton Dutta
R0173_Lambasia Soikot,Ukhiya,Raja Palong,Liton Dutta
R0177_Hajimpara Bulbuli SHG,Ukhiya,Raja Palong,Liton Dutta
R0182_Hajima para Doel,Ukhiya,Raja Palong,Liton Dutta
R0186_Lomba gona Srabonti,Ukhiya,Raja Palong,Liton Dutta
R0190_Garu bazar Rajani Gondha SHG,Ukhiya,Raja Palong,Liton Dutta
R0198_Garo Bazar Joba SHG,Ukhiya,Raja Palong,Liton Dutta
R0203_Shiler Chora Bokul,Ukhiya,Raja Palong,Liton Dutta
R0204_Dokan para Titas,Ukhiya,Raja Palong,Liton Dutta
R0228_Jomerchora Korotoya,Ukhiya,Raja Palong,Liton Dutta
R0243_Garu Bazar Kasful SHG,Ukhiya,Raja Palong,Liton Dutta
R0476_Hangorghona Surjo,Ukhiya,Raja Palong,Liton Dutta
G154_Purbopara Tia SHG,Ukhiya,Palongkhali,Mahfuja Akter
G161_Poschimpara Machranga SHG,Ukhiya,Palongkhali,Mahfuja Akter
G164_Dhamonkhali Doyel SHG,Ukhiya,Palongkhali,Mahfuja Akter
G165_Ghonarpara Tuntuni SHG,Ukhiya,Palongkhali,Mahfuja Akter
G166_Banubaperkil Machranga SHG,Ukhiya,Palongkhali,Mahfuja Akter
G167_Dakkinpara Shalik SHG,Ukhiya,Palongkhali,Mahfuja Akter
G170_RajokKhata Gojoghona Bok SHG,Ukhiya,Palongkhali,Mahfuja Akter
G171_Gojoghona Kobutor SHG,Ukhiya,Palongkhali,Mahfuja Akter
R0021_Goju Ghona Sukher Nir,Ukhiya,Palongkhali,Mahfuja Akter
R0023_Goujaghuna Bonolota,Ukhiya,Palongkhali,Mahfuja Akter
R0031_Gujogona Sornolata,Ukhiya,Palongkhali,Mahfuja Akter
R0040_Goujaghuna Beliful,Ukhiya,Palongkhali,Mahfuja Akter
R0055_Saelia para Sohagi,Ukhiya,Palongkhali,Mahfuja Akter
R0060_Balokali dhokkin para Suchuna,Ukhiya,Palongkhali,Mahfuja Akter
R0067_Shailla para Moyna,Ukhiya,Palongkhali,Mahfuja Akter
R0069_Balukhali chora Alanker,Ukhiya,Palongkhali,Mahfuja Akter
R0070_Banor bapar khil Kamona,Ukhiya,Palongkhali,Mahfuja Akter
R0081_Balokali dhokkin para Alor Dishari,Ukhiya,Palongkhali,Mahfuja Akter
R0086_Banor bapar khil Mitali,Ukhiya,Palongkhali,Mahfuja Akter
G155_Jumerchoda Doyel SHG,Ukhiya,Palongkhali,Masudur Rahman
G156_Jumerchora Shalik SHG,Ukhiya,Palongkhali,Masudur Rahman
G157_Jumerchoda Kobutor SHG,Ukhiya,Palongkhali,Masudur Rahman
G159_Ukiyarghat Bulbul SHG,Ukhiya,Palongkhali,Masudur Rahman
G160_Ukiyarghat Choroi SHG,Ukhiya,Palongkhali,Masudur Rahman
G162_Poschimpara Ghughu SHG,Ukhiya,Palongkhali,Masudur Rahman
R0054_Moddhom parA Arttabissas,Ukhiya,Palongkhali,Masudur Rahman
R0056_Custom Amm,Ukhiya,Palongkhali,Masudur Rahman
R0076_Uttatpara Ashar Alo,Ukhiya,Palongkhali,Masudur Rahman
R0077_Uttar para Shalik,Ukhiya,Palongkhali,Masudur Rahman
R0082_Dhamon khali Kornofuly,Ukhiya,Palongkhali,Masudur Rahman
R0088_Ghonar para Kathal,Ukhiya,Palongkhali,Masudur Rahman
R0089_Pocchim para Lichu,Ukhiya,Palongkhali,Masudur Rahman
R0090_Dalar mok Moynar gona Bosonta,Ukhiya,Palongkhali,Masudur Rahman
R0093_Balukhali Chara Bosundhara,Ukhiya,Palongkhali,Masudur Rahman
R0104_Customs Apel SHG,Ukhiya,Palongkhali,Masudur Rahman
R0107_Dhamon kali Gondhuraj,Ukhiya,Palongkhali,Masudur Rahman
R0119_Pochim Para Dalim,Ukhiya,Palongkhali,Masudur Rahman
R0128_Balukhali Hindupara Komola SHG,Ukhiya,Palongkhali,Masudur Rahman
R0445_Uttor para Dishari,Ukhiya,Palongkhali,Masudur Rahman
G130_Pochim Para Moyna SHG,Ukhiya,Jalia Palong,Minhar Yesmin
G131_Gorjon Buniya Moyur SHG,Ukhiya,Jalia Palong,Minhar Yesmin
G132_Garjon Buniya Bulbuli SHG,Ukhiya,Jalia Palong,Minhar Yesmin
G133_Chakma Para Kobutor SHG,Ukhiya,Jalia Palong,Minhar Yesmin
G134_Bodtoli Para Kattokra SHG,Ukhiya,Jalia Palong,Minhar Yesmin
G135_Bagguna Para Tuntuni SHG,Ukhiya,Jalia Palong,Minhar Yesmin
G136_Shikdar Para Eagle SHG,Ukhiya,Jalia Palong,Minhar Yesmin
G137_Chepot Khali Purbo Para Koyel SHG,Ukhiya,Jalia Palong,Minhar Yesmin
G138_Chepot Khati Purbo Para Gugu SHG,Ukhiya,Jalia Palong,Minhar Yesmin
G139_Chepot Khali Chakma Para Babui SHG,Ukhiya,Jalia Palong,Minhar Yesmin
G140_Chepot Khali Choroi SHG,Ukhiya,Jalia Palong,Minhar Yesmin
G141_Chepot Khali Kokil SHG,Ukhiya,Jalia Palong,Minhar Yesmin
G142_Madar bonia Salik SHG,Ukhiya,Jalia Palong,Minhar Yesmin
G143_Chakma Para Tiya SHG,Ukhiya,Jalia Palong,Minhar Yesmin
R0347_Cakma para Baguni SHG,Ukhiya,Jalia Palong,Minhar Yesmin
R0352_Chakma Para Kokil SHG,Ukhiya,Jalia Palong,Minhar Yesmin
R0360_Ghunar para Sabuj Aronno SHG,Ukhiya,Jalia Palong,Minhar Yesmin
R0365_Cakma para Shobuj Tiya,Ukhiya,Jalia Palong,Minhar Yesmin
R0388_Gorjon boinna Rupali Pahar SHG,Ukhiya,Jalia Palong,Minhar Yesmin
R0392_Shikdar Para Sonali Sakal SHG,Ukhiya,Jalia Palong,Minhar Yesmin
R0401_Jumpara Golapi SHG,Ukhiya,Jalia Palong,Minhar Yesmin
R1274_Cakma para Holudia Moyma,Ukhiya,Jalia Palong,Minhar Yesmin
G377_Uttarpara Doyel SHG,Ukhiya,Palongkhali,Mokter Ahmed
G378_Purbopara Moyna SHG,Ukhiya,Palongkhali,Mokter Ahmed
G379_Koborstan para Tia SHG,Ukhiya,Palongkhali,Mokter Ahmed
G380_Anjuman para Shalik SHG,Ukhiya,Palongkhali,Mokter Ahmed
R0044_Korachi Para Pahari Ful SHG,Ukhiya,Palongkhali,Mokter Ahmed
R0075_Bottoli Champarani SHG,Ukhiya,Palongkhali,Mokter Ahmed
R0079_Bakkol Gona Shahajadi SHG,Ukhiya,Palongkhali,Mokter Ahmed
R0099_Farir Bil Projapoti SHG,Ukhiya,Palongkhali,Mokter Ahmed
R0101_Ghonarpara Santona SHG,Ukhiya,Palongkhali,Mokter Ahmed
R0111_Bakkol Gona Moushumi SHG,Ukhiya,Palongkhali,Mokter Ahmed
R0115_Bakkolgona Rajonigondha SHG,Ukhiya,Palongkhali,Mokter Ahmed
R0123_Ghonarpara Banarasi SHG,Ukhiya,Palongkhali,Mokter Ahmed
R3000_Bakkolgona Paira SHG,Ukhiya,Palongkhali,Mokter Ahmed
R3001_Anjumanpara Puspa SHG,Ukhiya,Palongkhali,Mokter Ahmed
R3002_Paglamarket Mayabi SHG,Ukhiya,Palongkhali,Mokter Ahmed
R3003_Aajumanpara Purnima,Ukhiya,Palongkhali,Mokter Ahmed
R3006_Purbofarirbill Kodam SHG,Ukhiya,Palongkhali,Mokter Ahmed
G181_Konar para Kathal SHG,Ukhiya,Raja Palong,Rabiul Islam
G186_Sikdarbill possim para Jumrol SHG,Ukhiya,Raja Palong,Rabiul Islam
G187_Sikdarbill possim para Jumbora SHG,Ukhiya,Raja Palong,Rabiul Islam
G188_Mulvita ParaTetol SHG,Ukhiya,Raja Palong,Rabiul Islam
G195_Mowlobi Para Khejor SHG,Ukhiya,Raja Palong,Rabiul Islam
G196_Possim Sikdarbill Batabi lebo SHG,Ukhiya,Raja Palong,Rabiul Islam
G197_Purbo Dosori Bulbuli SHG,Ukhiya,Raja Palong,Rabiul Islam
G198_Poccim Dosori Choroi SHG,Ukhiya,Raja Palong,Rabiul Islam
G204_Dokkhin Horinmara Tiya SHG,Ukhiya,Raja Palong,Rabiul Islam
G206_Harasia Moyna SHG,Ukhiya,Raja Palong,Rabiul Islam
R0135_Hagir para Shopnochura,Ukhiya,Raja Palong,Rabiul Islam
R0196_Porba para Joba SHG,Ukhiya,Raja Palong,Rabiul Islam
R0208_Purbapara Surjamokhi SHG,Ukhiya,Raja Palong,Rabiul Islam
R0212_Malvita Shapla SHG,Ukhiya,Raja Palong,Rabiul Islam
R0213_Malvita Golap SHG,Ukhiya,Raja Palong,Rabiul Islam
R0219_Khoirati Bely SHG,Ukhiya,Raja Palong,Rabiul Islam
R0224_Jamtoli Shapla SHG,Ukhiya,Raja Palong,Rabiul Islam
R0236_Khoirati Sheuli SHG,Ukhiya,Raja Palong,Rabiul Islam
R0237_West Horin Mara Joba SHG,Ukhiya,Raja Palong,Rabiul Islam
R0244_Horin Mara Surjjomukhi SHG,Ukhiya,Raja Palong,Rabiul Islam
R0245_Handu para Golap SHG,Ukhiya,Raja Palong,Rabiul Islam
R0246_Purbodigholia Golap SHG,Ukhiya,Raja Palong,Rabiul Islam
G200_Khorati Masranga SHG,Ukhiya,Raja Palong,Ranu Borman
G201_Horinmara Kokil SHG,Ukhiya,Raja Palong,Ranu Borman
G202_Poshim Horinmara Doyal SHG,Ukhiya,Raja Palong,Ranu Borman
G203_Baganpaher Moyur SHG,Ukhiya,Raja Palong,Ranu Borman
G205_Dokkhin Horinmara Babui SHG,Ukhiya,Raja Palong,Ranu Borman
R0149_Maskaria Kobutor,Ukhiya,Raja Palong,Ranu Borman
R0157_Maskaia Shapla,Ukhiya,Raja Palong,Ranu Borman
R0158_Maskaria Jamuna,Ukhiya,Raja Palong,Ranu Borman
R0160_Maskaria Surjomukhi,Ukhiya,Raja Palong,Ranu Borman
R0194_Pinjirkul Gondhoraj SHG,Ukhiya,Raja Palong,Ranu Borman
R0205_Alimora Dolonchapa SHG,Ukhiya,Raja Palong,Ranu Borman
R0207_Kasiar Bill Jui SHG,Ukhiya,Raja Palong,Ranu Borman
R0214_Amin Para Rojonigondha SHG,Ukhiya,Raja Palong,Ranu Borman
R0216_Dakkin Pokuria Krisnachura SHG,Ukhiya,Raja Palong,Ranu Borman
R0217_Horin Mara Golap SHG,Ukhiya,Raja Palong,Ranu Borman
R0218_Pinjirkul Bokul SHG,Ukhiya,Raja Palong,Ranu Borman
R0220_Dakkin Pokuria Gondharaj SHG,Ukhiya,Raja Palong,Ranu Borman
R0232_Zadimura Golap 1 SHG,Ukhiya,Raja Palong,Ranu Borman
R0239_Pinjirkul Polash SHG,Ukhiya,Raja Palong,Ranu Borman
R0240_Uttor Pukuria Dalia SHG,Ukhiya,Raja Palong,Ranu Borman
R0248_Este pokoriya Joba SHG,Ukhiya,Raja Palong,Ranu Borman
R1242_Amin para Champa SHG,Ukhiya,Raja Palong,Ranu Borman
G168_Taznimarkhola Tia SHG,Ukhiya,Palongkhali,Rehena Akter
R0005_Gonerpara Akota,Ukhiya,Palongkhali,Rehena Akter
R0011_Ghonarpara Bonoful SHG,Ukhiya,Palongkhali,Rehena Akter
R0017_Hakim Para Kodomful,Ukhiya,Palongkhali,Rehena Akter
R0046_Ghonaroara Doel,Ukhiya,Palongkhali,Rehena Akter
R0064_Goyalmara Palki SHG,Ukhiya,Palongkhali,Rehena Akter
R0083_Goyalmara Songram SHG,Ukhiya,Palongkhali,Rehena Akter
R0091_Konarpara Rongdhuno,Ukhiya,Palongkhali,Rehena Akter
R0097_Gonar Para Asroy SHG,Ukhiya,Palongkhali,Rehena Akter
R0105_Purbo F/Office Matamuhuri,Ukhiya,Palongkhali,Rehena Akter
R0109_Gonar para Satata,Ukhiya,Palongkhali,Rehena Akter
R0116_Palongkhali Momota SHG,Ukhiya,Palongkhali,Rehena Akter
R0124_Goyalmara Padda SHG,Ukhiya,Palongkhali,Rehena Akter
R0125_Palongkhali Boishakhi SHG,Ukhiya,Palongkhali,Rehena Akter
R1007_Ghonar para Hoimonti,Ukhiya,Palongkhali,Rehena Akter
R2004_Baghgonapara Koyel SHG,Ukhiya,Palongkhali,Rehena Akter
R2006_Goyalmara Nothonkuri SHG,Ukhiya,Palongkhali,Rehena Akter
R5000_Yakub Mostofapara Shefali SHG,Ukhiya,Palongkhali,Rehena Akter
G065_Moulovi Para Shapla SHG,Ukhiya,Holdiya Palong,Ruhul Kader
G342_Uttar Modhughona Chompa SHG,Ukhiya,Holdiya Palong,Ruhul Kader
G351_Moulovipara Chameli SHG,Ukhiya,Holdiya Palong,Ruhul Kader
G356_Paglirbill Joba SHG,Ukhiya,Holdiya Palong,Ruhul Kader
R0002_halokia Masranga-1 SHG,Ukhiya,Holdiya Palong,Ruhul Kader
R0279_Rezurbil Moyna SHG,Ukhiya,Holdiya Palong,Ruhul Kader
R0281_Paglirbil Shalik SHG,Ukhiya,Holdiya Palong,Ruhul Kader
R0283_Bottaoli Masranga-2 SHG,Ukhiya,Holdiya Palong,Ruhul Kader
R0284_Langor bil Tiya SHG,Ukhiya,Holdiya Palong,Ruhul Kader
R0288_Bariza para Eagle-2 SHG,Ukhiya,Holdiya Palong,Ruhul Kader
R0297_Gunar Para Holdia Pakhi SHG,Ukhiya,Holdiya Palong,Ruhul Kader
R0305_Bow bazar Kokil-2 SHG,Ukhiya,Holdiya Palong,Ruhul Kader
R0307_BawBazar Eagle-2 SHG,Ukhiya,Holdiya Palong,Ruhul Kader
R0317_Sikderpara Babui Pakhi,Ukhiya,Holdiya Palong,Ruhul Kader
R0330_GorameGaras Bulbuly-2 SHG,Ukhiya,Holdiya Palong,Ruhul Kader
R0529_Pochim Morechia Tiya SHG,Ukhiya,Holdiya Palong,Ruhul Kader
R2468_Mahjan Para Doel-3 SHG,Ukhiya,Holdiya Palong,Ruhul Kader
R4916_Malbe para Tia-2 SHG,Ukhiya,Holdiya Palong,Ruhul Kader
G038_Asmot Ali Para kodom SHG,Ukhiya,Holdiya Palong,Golam Mostofa
G039_Konar para kobori SHG,Ukhiya,Holdiya Palong,Golam Mostofa
G048_Possim Borobill Modobilota SHG,Ukhiya,Holdiya Palong,Golam Mostofa
G049_Possim Borobill Jarul SHG,Ukhiya,Holdiya Palong,Golam Mostofa
G052_Mohajon Para Bokul SHG,Ukhiya,Holdiya Palong,Golam Mostofa
G053_Napit Para Porag SHG,Ukhiya,Holdiya Palong,Golam Mostofa
G054_Napit Para Kashful SHG,Ukhiya,Holdiya Palong,Golam Mostofa
G055_Barua Para Krishnochura SHG,Ukhiya,Holdiya Palong,Golam Mostofa
G057_Poschim Napit Para Chameli SHG,Ukhiya,Holdiya Palong,Golam Mostofa
G061_Jonab Ali Para Noyontara SHG,Ukhiya,Holdiya Palong,Golam Mostofa
G074_Barua Para Golap SHG,Ukhiya,Holdiya Palong,Golam Mostofa
G081_Purbo Chy Para Champa SHG,Ukhiya,Holdiya Palong,Golam Mostofa
G082_Pochim Chy Para Shapla SHG,Ukhiya,Holdiya Palong,Golam Mostofa
G346_Guraier Dip Rojonigondha SHG,Ukhiya,Holdiya Palong,Golam Mostofa
G347_Dhalermukh Shurjomukhi SHG,Ukhiya,Holdiya Palong,Golam Mostofa
R0277_Chouduaripara Moyur SHG,Ukhiya,Holdiya Palong,Golam Mostofa
R7777_Chouduarypara Charui SHG,Ukhiya,Holdiya Palong,Golam Mostofa
R8642_Choudarypara Tuntuni SHG,Ukhiya,Holdiya Palong,Golam Mostofa
R0043_Konarpara Tajmohol SHG,Ukhiya,Palongkhali,Shumon Adhikary
R0049_Baditola Dolonchapa SHG,Ukhiya,Palongkhali,Shumon Adhikary
R0052_Chowkhali Bokul,Ukhiya,Palongkhali,Shumon Adhikary
R0053_Farir Bil Korotoya SHG,Ukhiya,Palongkhali,Shumon Adhikary
R0066_Pochim palong khali Anarkoli,Ukhiya,Palongkhali,Shumon Adhikary
R0094_Farir Bil Udayan SHG,Ukhiya,Palongkhali,Shumon Adhikary
R0114_Buchargona Gonga SHG,Ukhiya,Palongkhali,Shumon Adhikary
R0120_Konarpara Jolpai SHG,Ukhiya,Palongkhali,Shumon Adhikary
R2007_Awliabad Kolmilota SHG,Ukhiya,Palongkhali,Shumon Adhikary
R2008_Awliabad Sobujshathi SHG,Ukhiya,Palongkhali,Shumon Adhikary
R2009_Farirbill Sadinata SHG,Ukhiya,Palongkhali,Shumon Adhikary
R2010_Nolbonia Simanta SHG,Ukhiya,Palongkhali,Shumon Adhikary
R2011_Nolbonia Duranta SHG,Ukhiya,Palongkhali,Shumon Adhikary
R2012_Bocharghona Bijoymala SHG,Ukhiya,Palongkhali,Shumon Adhikary
R2013_Baditola Meghana SHG,Ukhiya,Palongkhali,Shumon Adhikary
R2014_Baditola Nillsagor SHG,Ukhiya,Palongkhali,Shumon Adhikary
R2015_Baditola Tia SHG,Ukhiya,Palongkhali,Shumon Adhikary
G118_Char Mowa Salik SHG,Ukhiya,Jalia Palong,Tashbid Rahman
G119_Dui Mowa Doyel SHG,Ukhiya,Jalia Palong,Tashbid Rahman
G120_Badamtoli Babui SHG,Ukhiya,Jalia Palong,Tashbid Rahman
G125_Moddom Nidaniya Tuntuni SHG,Ukhiya,Jalia Palong,Tashbid Rahman
G126_Dokkin Nidaniya Macranga SHG,Ukhiya,Jalia Palong,Tashbid Rahman
G127_Poschim Nidaniya Egal SHG,Ukhiya,Jalia Palong,Tashbid Rahman
G128_Moddom Nidaniya Chatak SHG,Ukhiya,Jalia Palong,Tashbid Rahman
G129_Moddom Nidaniya Kakatuya SHG,Ukhiya,Jalia Palong,Tashbid Rahman
R0409_Norar Dail Sabuj SHG,Ukhiya,Jalia Palong,Tashbid Rahman
R0411_Moddom Nidania Lal SHG,Ukhiya,Jalia Palong,Tashbid Rahman
R0415_Badam Tali Nil SHG,Ukhiya,Jalia Palong,Tashbid Rahman
R0417_Dhakkin Niedania Komola SHG,Ukhiya,Jalia Palong,Tashbid Rahman
R0418_Dockin nidania Nil SHG,Ukhiya,Jalia Palong,Tashbid Rahman
R0419_Villager Para Kalo SHG,Ukhiya,Jalia Palong,Tashbid Rahman
R0420_Dokkhin Dailpara Kalo SHG,Ukhiya,Jalia Palong,Tashbid Rahman
R0427_Villager Para Shada SHG,Ukhiya,Jalia Palong,Tashbid Rahman
R0431_Moddom Nidania Holud SHG,Ukhiya,Jalia Palong,Tashbid Rahman
R0435_Dhokkin nida niya Sonali SHG,Ukhiya,Jalia Palong,Tashbid Rahman
R0436_Dhakkin Niedania Rupali SHG,Ukhiya,Jalia Palong,Tashbid Rahman
R0439_Norar Dail Akashi SHG,Ukhiya,Jalia Palong,Tashbid Rahman
R0440_Moddom Nidania Golapi SHG,Ukhiya,Jalia Palong,Tashbid Rahman
G066_Molovi Para Golap SHG,Ukhiya,Holdiya Palong,Trisha Chowdhury
G072_Digir Para kolaboti SHG,Ukhiya,Holdiya Palong,Trisha Chowdhury
G073_Digir Para Hasnahena SHG,Ukhiya,Holdiya Palong,Trisha Chowdhury
G367_Patabari Lambabill Golap SHG,Ukhiya,Holdiya Palong,Trisha Chowdhury
G368_Patabari Baluchara Joba SHG,Ukhiya,Holdiya Palong,Trisha Chowdhury
G370_Patabari Dalia SHG,Ukhiya,Holdiya Palong,Trisha Chowdhury
G371_Patabari Konerpara Beli SHG,Ukhiya,Holdiya Palong,Trisha Chowdhury
G374_Moddho Holdia Nolbonia Shurjomukhi SHG,Ukhiya,Holdiya Palong,Trisha Chowdhury
G376_Nolbonia Bakul SHG,Ukhiya,Holdiya Palong,Trisha Chowdhury
R0287_Nalbunia Choroi SHG,Ukhiya,Holdiya Palong,Trisha Chowdhury
R0302_Pata Bari Choroy SHG,Ukhiya,Holdiya Palong,Trisha Chowdhury
R0303_Gati Para Tuntuni SHG,Ukhiya,Holdiya Palong,Trisha Chowdhury
R0312_Patabari Doyel SHG,Ukhiya,Holdiya Palong,Trisha Chowdhury
R0316_Kaoua sodi Kokil-2 SHG,Ukhiya,Holdiya Palong,Trisha Chowdhury
R0318_Konar Para Tota SHG,Ukhiya,Holdiya Palong,Trisha Chowdhury
R1863_Molive Para Masranga SHG,Ukhiya,Holdiya Palong,Trisha Chowdhury
G190_Peyazi Para Amra SHG,Ukhiya,Raja Palong,Zahangir Hossen
G191_Kutopalong Porbo Para Peyara SHG,Ukhiya,Raja Palong,Zahangir Hossen
G192_Kotopalong Sornopahar Pepe SHG,Ukhiya,Raja Palong,Zahangir Hossen
G339_Moddom Sikderbill dalim SHG,Ukhiya,Raja Palong,Zahangir Hossen
R0154_Tai palong Rojonigonda,Ukhiya,Raja Palong,Zahangir Hossen
R0155_W. Thai palang Shewly SHG,Ukhiya,Raja Palong,Zahangir Hossen
R0156_Purbo tai Palong Jamrul,Ukhiya,Raja Palong,Zahangir Hossen
R0159_W. Thai palang Golap SHG,Ukhiya,Raja Palong,Zahangir Hossen
R0161_Dailpara Mousumi SHGl,Ukhiya,Raja Palong,Zahangir Hossen
R0165_W. Thai palang Surjerhasi SHG,Ukhiya,Raja Palong,Zahangir Hossen
R0169_PF para Akashi,Ukhiya,Raja Palong,Zahangir Hossen
R0170_Kotupalong Rupali,Ukhiya,Raja Palong,Zahangir Hossen
R0171_Hajimpara Chandrima,Ukhiya,Raja Palong,Zahangir Hossen
R0180_Piok Para Boishakhi,Ukhiya,Raja Palong,Zahangir Hossen
R0184_Tai palong Doli,Ukhiya,Raja Palong,Zahangir Hossen
R0187_Piok Para Paharika,Ukhiya,Raja Palong,Zahangir Hossen
R0188_Piok Para Jonaki,Ukhiya,Raja Palong,Zahangir Hossen
R0221_Purbo digilia Shapla SHG,Ukhiya,Raja Palong,Zahangir Hossen
R0222_Purbo digilia Kodom SHG,Ukhiya,Raja Palong,Zahangir Hossen
R0225_Purbo digilia Bely SHG,Ukhiya,Raja Palong,Zahangir Hossen
R0230_Purbo digilia Joba SHG,Ukhiya,Raja Palong,Zahangir Hossen
R0233_Purbo digilia Rojonigondha SHG,Ukhiya,Raja Palong,Zahangir Hossen

R0241_Purbo digilia Sheuli SHG,Ukhiya,Raja Palong,Zahangir Hossen

